Tree,Cable,Timestamp,baseline_inner,baseline_middle,baseline_outer
FB1,4b,2023-08-25T10:00:00Z,no_bl_val,no_bl_val,no_bl_val
FB1,4b,2023-08-25T10:15:00Z,no_bl_val,no_bl_val,no_bl_val
FB1,4b,2023-08-25T10:30:00Z,no_bl_val,no_bl_val,no_bl_val
FB1,4b,2023-08-25T10:45:00Z,no_bl_val,no_bl_val,no_bl_val
FB1,4b,2023-08-25T11:00:00Z,no_bl_val,no_bl_val,no_bl_val
FB1,4b,2023-08-25T11:15:00Z,no_bl_val,no_bl_val,no_bl_val
FB1,4b,2023-08-25T11:30:00Z,no_bl_val,no_bl_val,no_bl_val
FB1,4b,2023-08-25T11:45:00Z,no_bl_val,no_bl_val,no_bl_val
FB1,4b,2023-08-25T12:00:00Z,no_bl_val,no_bl_val,no_bl_val
FB1,4b,2023-08-25T12:15:00Z,no_bl_val,no_bl_val,no_bl_val
FB1,4b,2023-08-25T12:30:00Z,no_bl_val,no_bl_val,no_bl_val
FB1,4b,2023-08-25T12:45:00Z,no_bl_val,no_bl_val,no_bl_val
FB1,4b,2023-08-25T13:00:00Z,no_bl_val,no_bl_val,no_bl_val
FB1,4b,2023-08-25T13:15:00Z,no_bl_val,no_bl_val,no_bl_val
FB1,4b,2023-08-25T13:30:00Z,no_bl_val,no_bl_val,no_bl_val
FB1,4b,2023-08-25T13:45:00Z,no_bl_val,no_bl_val,no_bl_val
FB1,4b,2023-08-25T14:00:00Z,no_bl_val,no_bl_val,no_bl_val
FB1,4b,2023-08-25T14:15:00Z,no_bl_val,no_bl_val,no_bl_val
FB1,4b,2023-08-25T14:30:00Z,no_bl_val,no_bl_val,no_bl_val
FB1,4b,2023-08-25T14:45:00Z,no_bl_val,no_bl_val,no_bl_val
FB1,4b,2023-08-25T15:00:00Z,no_bl_val,no_bl_val,no_bl_val
FB1,4b,2023-08-25T15:15:00Z,no_bl_val,no_bl_val,no_bl_val
FB1,4b,2023-08-25T15:30:00Z,no_bl_val,no_bl_val,no_bl_val
FB1,4b,2023-08-25T15:45:00Z,no_bl_val,no_bl_val,no_bl_val
FB1,4b,2023-08-25T16:00:00Z,no_bl_val,no_bl_val,no_bl_val
FB1,4b,2023-08-25T16:15:00Z,no_bl_val,no_bl_val,no_bl_val
FB1,4b,2023-08-25T16:30:00Z,no_bl_val,no_bl_val,no_bl_val
FB1,4b,2023-08-25T16:45:00Z,no_bl_val,no_bl_val,no_bl_val
FB1,4b,2023-08-25T17:00:00Z,no_bl_val,no_bl_val,no_bl_val
FB1,4b,2023-08-25T17:15:00Z,no_bl_val,no_bl_val,no_bl_val
FB1,4b,2023-08-25T17:30:00Z,no_bl_val,no_bl_val,no_bl_val
FB1,4b,2023-08-25T17:45:00Z,no_bl_val,no_bl_val,no_bl_val
FB1,4b,2023-08-25T18:00:00Z,no_bl_val,no_bl_val,no_bl_val
FB1,4b,2023-08-25T18:15:00Z,no_bl_val,no_bl_val,no_bl_val
FB1,4b,2023-08-25T18:30:00Z,no_bl_val,no_bl_val,no_bl_val
FB1,4b,2023-08-25T18:45:00Z,no_bl_val,no_bl_val,no_bl_val
FB1,4b,2023-08-25T19:00:00Z,no_bl_val,no_bl_val,no_bl_val
FB1,4b,2023-08-25T19:15:00Z,no_bl_val,no_bl_val,no_bl_val
FB1,4b,2023-08-25T19:30:00Z,no_bl_val,no_bl_val,no_bl_val
FB1,4b,2023-08-25T19:45:00Z,no_bl_val,no_bl_val,no_bl_val
FB1,4b,2023-08-25T20:00:00Z,no_bl_val,no_bl_val,no_bl_val
FB1,4b,2023-08-25T20:15:00Z,no_bl_val,no_bl_val,no_bl_val
FB1,4b,2023-08-25T20:30:00Z,no_bl_val,no_bl_val,no_bl_val
FB1,4b,2023-08-25T20:45:00Z,no_bl_val,no_bl_val,no_bl_val
FB1,4b,2023-08-25T21:00:00Z,no_bl_val,no_bl_val,no_bl_val
FB1,4b,2023-08-25T21:15:00Z,no_bl_val,no_bl_val,no_bl_val
FB1,4b,2023-08-25T21:30:00Z,no_bl_val,no_bl_val,no_bl_val
FB1,4b,2023-08-25T21:45:00Z,no_bl_val,no_bl_val,no_bl_val
FB1,4b,2023-08-25T22:00:00Z,no_bl_val,no_bl_val,no_bl_val
FB1,4b,2023-08-25T22:15:00Z,no_bl_val,no_bl_val,no_bl_val
FB1,4b,2023-08-25T22:30:00Z,no_bl_val,no_bl_val,no_bl_val
FB1,4b,2023-08-25T22:45:00Z,no_bl_val,no_bl_val,no_bl_val
FB1,4b,2023-08-25T23:00:00Z,no_bl_val,no_bl_val,no_bl_val
FB1,4b,2023-08-25T23:15:00Z,no_bl_val,no_bl_val,no_bl_val
FB1,4b,2023-08-25T23:30:00Z,no_bl_val,no_bl_val,no_bl_val
FB1,4b,2023-08-25T23:45:00Z,no_bl_val,no_bl_val,no_bl_val
FB1,4b,2023-08-26T00:00:00Z,no_bl_val,no_bl_val,no_bl_val
FB1,4b,2023-08-26T00:15:00Z,no_bl_val,no_bl_val,no_bl_val
FB1,4b,2023-08-26T00:30:00Z,no_bl_val,no_bl_val,no_bl_val
FB1,4b,2023-08-26T00:45:00Z,no_bl_val,no_bl_val,no_bl_val
FB1,4b,2023-08-26T01:00:00Z,no_bl_val,no_bl_val,no_bl_val
FB1,4b,2023-08-26T01:15:00Z,no_bl_val,no_bl_val,no_bl_val
FB1,4b,2023-08-26T01:30:00Z,no_bl_val,no_bl_val,no_bl_val
FB1,4b,2023-08-26T01:45:00Z,no_bl_val,no_bl_val,no_bl_val
FB1,4b,2023-08-26T02:00:00Z,no_bl_val,no_bl_val,no_bl_val
FB1,4b,2023-08-26T02:15:00Z,no_bl_val,no_bl_val,no_bl_val
FB1,4b,2023-08-26T02:30:00Z,no_bl_val,no_bl_val,no_bl_val
FB1,4b,2023-08-26T02:45:00Z,no_bl_val,no_bl_val,no_bl_val
FB1,4b,2023-08-26T03:00:00Z,no_bl_val,no_bl_val,no_bl_val
FB1,4b,2023-08-26T03:15:00Z,no_bl_val,no_bl_val,no_bl_val
FB1,4b,2023-08-26T03:30:00Z,no_bl_val,no_bl_val,no_bl_val
FB1,4b,2023-08-26T03:45:00Z,no_bl_val,no_bl_val,no_bl_val
FB1,4b,2023-08-26T04:00:00Z,no_bl_val,no_bl_val,no_bl_val
FB1,4b,2023-08-26T04:15:00Z,no_bl_val,no_bl_val,no_bl_val
FB1,4b,2023-08-26T04:30:00Z,no_bl_val,no_bl_val,no_bl_val
FB1,4b,2023-08-26T04:45:00Z,no_bl_val,no_bl_val,no_bl_val
FB1,4b,2023-08-26T05:00:00Z,no_bl_val,no_bl_val,no_bl_val
FB1,4b,2023-08-26T05:15:00Z,no_bl_val,no_bl_val,no_bl_val
FB1,4b,2023-08-26T05:30:00Z,no_bl_val,no_bl_val,no_bl_val
FB1,4b,2023-08-26T05:45:00Z,no_bl_val,no_bl_val,no_bl_val
FB1,4b,2023-08-26T06:00:00Z,no_bl_val,no_bl_val,no_bl_val
FB1,4b,2023-08-26T06:15:00Z,no_bl_val,no_bl_val,no_bl_val
FB1,4b,2023-08-26T06:30:00Z,no_bl_val,no_bl_val,no_bl_val
FB1,4b,2023-08-26T06:45:00Z,no_bl_val,no_bl_val,no_bl_val
FB1,4b,2023-08-26T07:00:00Z,no_bl_val,no_bl_val,no_bl_val
FB1,4b,2023-08-26T07:15:00Z,no_bl_val,no_bl_val,no_bl_val
FB1,4b,2023-08-26T07:30:00Z,no_bl_val,no_bl_val,no_bl_val
FB1,4b,2023-08-26T07:45:00Z,no_bl_val,no_bl_val,no_bl_val
FB1,4b,2023-08-26T08:00:00Z,no_bl_val,no_bl_val,no_bl_val
FB1,4b,2023-08-26T08:15:00Z,no_bl_val,no_bl_val,no_bl_val
FB1,4b,2023-08-26T08:30:00Z,no_bl_val,no_bl_val,no_bl_val
FB1,4b,2023-08-26T08:45:00Z,no_bl_val,no_bl_val,no_bl_val
FB1,4b,2023-08-26T09:00:00Z,no_bl_val,no_bl_val,no_bl_val
FB1,4b,2023-08-26T09:15:00Z,no_bl_val,no_bl_val,no_bl_val
FB1,4b,2023-08-26T09:30:00Z,no_bl_val,no_bl_val,no_bl_val
FB1,4b,2023-08-26T09:45:00Z,no_bl_val,no_bl_val,no_bl_val
FB1,4b,2023-08-26T10:00:00Z,no_bl_val,no_bl_val,no_bl_val
FB1,4b,2023-08-26T10:15:00Z,no_bl_val,no_bl_val,no_bl_val
FB1,4b,2023-08-26T10:30:00Z,no_bl_val,no_bl_val,no_bl_val
FB1,4b,2023-08-26T10:45:00Z,no_bl_val,no_bl_val,no_bl_val
FB1,4b,2023-08-26T11:00:00Z,no_bl_val,no_bl_val,no_bl_val
FB1,4b,2023-08-26T11:15:00Z,no_bl_val,no_bl_val,no_bl_val
FB1,4b,2023-08-26T11:30:00Z,no_bl_val,no_bl_val,no_bl_val
FB1,4b,2023-08-26T11:45:00Z,no_bl_val,no_bl_val,no_bl_val
FB1,4b,2023-08-26T12:00:00Z,no_bl_val,no_bl_val,no_bl_val
FB1,4b,2023-08-26T12:15:00Z,no_bl_val,no_bl_val,no_bl_val
FB1,4b,2023-08-26T12:30:00Z,no_bl_val,no_bl_val,no_bl_val
FB1,4b,2023-08-26T12:45:00Z,no_bl_val,no_bl_val,no_bl_val
FB1,4b,2023-08-26T13:00:00Z,no_bl_val,no_bl_val,no_bl_val
FB1,4b,2023-08-26T13:15:00Z,no_bl_val,no_bl_val,no_bl_val
FB1,4b,2023-08-26T13:30:00Z,no_bl_val,no_bl_val,no_bl_val
FB1,4b,2023-08-26T13:45:00Z,no_bl_val,no_bl_val,no_bl_val
FB1,4b,2023-08-26T14:00:00Z,no_bl_val,no_bl_val,no_bl_val
FB1,4b,2023-08-26T14:15:00Z,no_bl_val,no_bl_val,no_bl_val
FB1,4b,2023-08-26T14:30:00Z,no_bl_val,no_bl_val,no_bl_val
FB1,4b,2023-08-26T14:45:00Z,no_bl_val,no_bl_val,no_bl_val
FB1,4b,2023-08-26T15:00:00Z,no_bl_val,no_bl_val,no_bl_val
FB1,4b,2023-08-26T15:15:00Z,no_bl_val,no_bl_val,no_bl_val
FB1,4b,2023-08-26T15:30:00Z,no_bl_val,no_bl_val,no_bl_val
FB1,4b,2023-08-26T15:45:00Z,no_bl_val,no_bl_val,no_bl_val
FB1,4b,2023-08-26T16:00:00Z,no_bl_val,no_bl_val,no_bl_val
FB1,4b,2023-08-26T16:15:00Z,no_bl_val,no_bl_val,no_bl_val
FB1,4b,2023-08-26T16:30:00Z,no_bl_val,no_bl_val,no_bl_val
FB1,4b,2023-08-26T16:45:00Z,no_bl_val,no_bl_val,no_bl_val
FB1,4b,2023-08-26T17:00:00Z,no_bl_val,no_bl_val,no_bl_val
FB1,4b,2023-08-26T17:15:00Z,no_bl_val,no_bl_val,no_bl_val
FB1,4b,2023-08-26T17:30:00Z,no_bl_val,no_bl_val,no_bl_val
FB1,4b,2023-08-26T17:45:00Z,no_bl_val,no_bl_val,no_bl_val
FB1,4b,2023-08-26T18:00:00Z,no_bl_val,no_bl_val,no_bl_val
FB1,4b,2023-08-26T18:15:00Z,no_bl_val,no_bl_val,no_bl_val
FB1,4b,2023-08-26T18:30:00Z,no_bl_val,no_bl_val,no_bl_val
FB1,4b,2023-08-26T18:45:00Z,no_bl_val,no_bl_val,no_bl_val
FB1,4b,2023-08-26T19:00:00Z,no_bl_val,no_bl_val,no_bl_val
FB1,4b,2023-08-26T19:15:00Z,no_bl_val,no_bl_val,no_bl_val
FB1,4b,2023-08-26T19:30:00Z,no_bl_val,no_bl_val,no_bl_val
FB1,4b,2023-08-26T19:45:00Z,no_bl_val,no_bl_val,no_bl_val
FB1,4b,2023-08-26T20:00:00Z,no_bl_val,no_bl_val,no_bl_val
FB1,4b,2023-08-26T20:15:00Z,no_bl_val,no_bl_val,no_bl_val
FB1,4b,2023-08-26T20:30:00Z,no_bl_val,no_bl_val,no_bl_val
FB1,4b,2023-08-26T20:45:00Z,no_bl_val,no_bl_val,no_bl_val
FB1,4b,2023-08-26T21:00:00Z,no_bl_val,no_bl_val,no_bl_val
FB1,4b,2023-08-26T21:15:00Z,no_bl_val,no_bl_val,no_bl_val
FB1,4b,2023-08-26T21:30:00Z,no_bl_val,no_bl_val,no_bl_val
FB1,4b,2023-08-26T21:45:00Z,no_bl_val,no_bl_val,no_bl_val
FB1,4b,2023-08-26T22:00:00Z,no_bl_val,no_bl_val,no_bl_val
FB1,4b,2023-08-26T22:15:00Z,no_bl_val,no_bl_val,no_bl_val
FB1,4b,2023-08-26T22:30:00Z,no_bl_val,no_bl_val,no_bl_val
FB1,4b,2023-08-26T22:45:00Z,no_bl_val,no_bl_val,no_bl_val
FB1,4b,2023-08-26T23:00:00Z,no_bl_val,no_bl_val,no_bl_val
FB1,4b,2023-08-26T23:15:00Z,no_bl_val,no_bl_val,no_bl_val
FB1,4b,2023-08-26T23:30:00Z,no_bl_val,no_bl_val,no_bl_val
FB1,4b,2023-08-26T23:45:00Z,no_bl_val,no_bl_val,no_bl_val
FB1,4b,2023-08-27T00:00:00Z,no_bl_val,no_bl_val,no_bl_val
FB1,4b,2023-08-27T00:15:00Z,no_bl_val,no_bl_val,no_bl_val
FB1,4b,2023-08-27T00:30:00Z,no_bl_val,no_bl_val,no_bl_val
FB1,4b,2023-08-27T00:45:00Z,no_bl_val,no_bl_val,no_bl_val
FB1,4b,2023-08-27T01:00:00Z,no_bl_val,no_bl_val,no_bl_val
FB1,4b,2023-08-27T01:15:00Z,no_bl_val,no_bl_val,no_bl_val
FB1,4b,2023-08-27T01:30:00Z,no_bl_val,no_bl_val,no_bl_val
FB1,4b,2023-08-27T01:45:00Z,no_bl_val,no_bl_val,no_bl_val
FB1,4b,2023-08-27T02:00:00Z,no_bl_val,no_bl_val,no_bl_val
FB1,4b,2023-08-27T02:15:00Z,no_bl_val,no_bl_val,no_bl_val
FB1,4b,2023-08-27T02:30:00Z,no_bl_val,no_bl_val,no_bl_val
FB1,4b,2023-08-27T02:45:00Z,no_bl_val,no_bl_val,no_bl_val
FB1,4b,2023-08-27T03:00:00Z,no_bl_val,no_bl_val,no_bl_val
FB1,4b,2023-08-27T03:15:00Z,no_bl_val,no_bl_val,no_bl_val
FB1,4b,2023-08-27T03:30:00Z,no_bl_val,no_bl_val,no_bl_val
FB1,4b,2023-08-27T03:45:00Z,no_bl_val,no_bl_val,no_bl_val
FB1,4b,2023-08-27T04:00:00Z,no_bl_val,no_bl_val,no_bl_val
FB1,4b,2023-08-27T04:15:00Z,no_bl_val,no_bl_val,no_bl_val
FB1,4b,2023-08-27T04:30:00Z,no_bl_val,no_bl_val,no_bl_val
FB1,4b,2023-08-27T04:45:00Z,no_bl_val,no_bl_val,no_bl_val
FB1,4b,2023-08-27T05:00:00Z,no_bl_val,no_bl_val,no_bl_val
FB1,4b,2023-08-27T05:15:00Z,no_bl_val,no_bl_val,no_bl_val
FB1,4b,2023-08-27T05:30:00Z,no_bl_val,no_bl_val,no_bl_val
FB1,4b,2023-08-27T05:45:00Z,no_bl_val,no_bl_val,no_bl_val
FB1,4b,2023-08-27T06:00:00Z,no_bl_val,no_bl_val,no_bl_val
FB1,4b,2023-08-27T06:15:00Z,no_bl_val,no_bl_val,no_bl_val
FB1,4b,2023-08-27T06:30:00Z,no_bl_val,no_bl_val,no_bl_val
FB1,4b,2023-08-27T06:45:00Z,no_bl_val,no_bl_val,no_bl_val
FB1,4b,2023-08-27T07:00:00Z,no_bl_val,no_bl_val,no_bl_val
FB1,4b,2023-08-27T07:15:00Z,no_bl_val,no_bl_val,no_bl_val
FB1,4b,2023-08-27T07:30:00Z,no_bl_val,no_bl_val,no_bl_val
FB1,4b,2023-08-27T07:45:00Z,no_bl_val,no_bl_val,no_bl_val
FB1,4b,2023-08-27T08:00:00Z,no_bl_val,no_bl_val,no_bl_val
FB1,4b,2023-08-27T08:15:00Z,no_bl_val,no_bl_val,no_bl_val
FB1,4b,2023-08-27T08:30:00Z,no_bl_val,no_bl_val,no_bl_val
FB1,4b,2023-08-27T08:45:00Z,no_bl_val,no_bl_val,no_bl_val
FB1,4b,2023-08-27T09:00:00Z,no_bl_val,no_bl_val,no_bl_val
FB1,4b,2023-08-27T09:15:00Z,no_bl_val,no_bl_val,no_bl_val
FB1,4b,2023-08-27T09:30:00Z,no_bl_val,no_bl_val,no_bl_val
FB1,4b,2023-08-27T09:45:00Z,no_bl_val,no_bl_val,no_bl_val
FB1,4b,2023-08-27T10:00:00Z,no_bl_val,no_bl_val,no_bl_val
FB1,4b,2023-08-27T10:15:00Z,no_bl_val,no_bl_val,no_bl_val
FB1,4b,2023-08-27T10:30:00Z,no_bl_val,no_bl_val,no_bl_val
FB1,4b,2023-08-27T10:45:00Z,no_bl_val,no_bl_val,no_bl_val
FB1,4b,2023-08-27T11:00:00Z,no_bl_val,no_bl_val,no_bl_val
FB1,4b,2023-08-27T11:15:00Z,no_bl_val,no_bl_val,no_bl_val
FB1,4b,2023-08-27T11:30:00Z,no_bl_val,no_bl_val,no_bl_val
FB1,4b,2023-08-27T11:45:00Z,no_bl_val,no_bl_val,no_bl_val
FB1,4b,2023-08-27T12:00:00Z,no_bl_val,no_bl_val,no_bl_val
FB1,4b,2023-08-27T12:15:00Z,no_bl_val,no_bl_val,no_bl_val
FB1,4b,2023-08-27T12:30:00Z,no_bl_val,no_bl_val,no_bl_val
FB1,4b,2023-08-27T12:45:00Z,no_bl_val,no_bl_val,no_bl_val
FB1,4b,2023-08-27T13:00:00Z,no_bl_val,no_bl_val,no_bl_val
FB1,4b,2023-08-27T13:15:00Z,no_bl_val,no_bl_val,no_bl_val
FB1,4b,2023-08-27T13:30:00Z,no_bl_val,no_bl_val,no_bl_val
FB1,4b,2023-08-27T13:45:00Z,no_bl_val,no_bl_val,no_bl_val
FB1,4b,2023-08-27T14:00:00Z,no_bl_val,no_bl_val,no_bl_val
FB1,4b,2023-08-27T14:15:00Z,no_bl_val,no_bl_val,no_bl_val
FB1,4b,2023-08-27T14:30:00Z,no_bl_val,no_bl_val,no_bl_val
FB1,4b,2023-08-27T14:45:00Z,no_bl_val,no_bl_val,no_bl_val
FB1,4b,2023-08-27T15:00:00Z,no_bl_val,no_bl_val,no_bl_val
FB1,4b,2023-08-27T15:15:00Z,no_bl_val,no_bl_val,no_bl_val
FB1,4b,2023-08-27T15:30:00Z,no_bl_val,no_bl_val,no_bl_val
FB1,4b,2023-08-27T15:45:00Z,no_bl_val,no_bl_val,no_bl_val
FB1,4b,2023-08-27T16:00:00Z,no_bl_val,no_bl_val,no_bl_val
FB1,4b,2023-08-27T16:15:00Z,no_bl_val,no_bl_val,no_bl_val
FB1,4b,2023-08-27T16:30:00Z,no_bl_val,no_bl_val,no_bl_val
FB1,4b,2023-08-27T16:45:00Z,no_bl_val,no_bl_val,no_bl_val
FB1,4b,2023-08-27T17:00:00Z,no_bl_val,no_bl_val,no_bl_val
FB1,4b,2023-08-27T17:15:00Z,no_bl_val,no_bl_val,no_bl_val
FB1,4b,2023-08-27T17:30:00Z,no_bl_val,no_bl_val,no_bl_val
FB1,4b,2023-08-27T17:45:00Z,no_bl_val,no_bl_val,no_bl_val
FB1,4b,2023-08-27T18:00:00Z,no_bl_val,no_bl_val,no_bl_val
FB1,4b,2023-08-27T18:15:00Z,no_bl_val,no_bl_val,no_bl_val
FB1,4b,2023-08-27T18:30:00Z,no_bl_val,no_bl_val,no_bl_val
FB1,4b,2023-08-27T18:45:00Z,no_bl_val,no_bl_val,no_bl_val
FB1,4b,2023-08-27T19:00:00Z,no_bl_val,no_bl_val,no_bl_val
FB1,4b,2023-08-27T19:15:00Z,no_bl_val,no_bl_val,no_bl_val
FB1,4b,2023-08-27T19:30:00Z,no_bl_val,no_bl_val,no_bl_val
FB1,4b,2023-08-27T19:45:00Z,no_bl_val,no_bl_val,no_bl_val
FB1,4b,2023-08-27T20:00:00Z,no_bl_val,no_bl_val,no_bl_val
FB1,4b,2023-08-27T20:15:00Z,no_bl_val,no_bl_val,no_bl_val
FB1,4b,2023-08-27T20:30:00Z,no_bl_val,no_bl_val,no_bl_val
FB1,4b,2023-08-27T20:45:00Z,no_bl_val,no_bl_val,no_bl_val
FB1,4b,2023-08-27T21:00:00Z,no_bl_val,no_bl_val,no_bl_val
FB1,4b,2023-08-27T21:15:00Z,no_bl_val,no_bl_val,no_bl_val
FB1,4b,2023-08-27T21:30:00Z,no_bl_val,no_bl_val,no_bl_val
FB1,4b,2023-08-27T21:45:00Z,no_bl_val,no_bl_val,no_bl_val
FB1,4b,2023-08-27T22:00:00Z,no_bl_val,no_bl_val,no_bl_val
FB1,4b,2023-08-27T22:15:00Z,no_bl_val,no_bl_val,no_bl_val
FB1,4b,2023-08-27T22:30:00Z,no_bl_val,no_bl_val,no_bl_val
FB1,4b,2023-08-27T22:45:00Z,no_bl_val,no_bl_val,no_bl_val
FB1,4b,2023-08-27T23:00:00Z,no_bl_val,no_bl_val,no_bl_val
FB1,4b,2023-08-27T23:15:00Z,no_bl_val,no_bl_val,no_bl_val
FB1,4b,2023-08-27T23:30:00Z,no_bl_val,no_bl_val,no_bl_val
FB1,4b,2023-08-27T23:45:00Z,no_bl_val,no_bl_val,no_bl_val
FB1,4b,2023-08-28T00:00:00Z,no_bl_val,no_bl_val,no_bl_val
FB1,4b,2023-08-28T00:15:00Z,no_bl_val,no_bl_val,no_bl_val
FB1,4b,2023-08-28T00:30:00Z,no_bl_val,no_bl_val,no_bl_val
FB1,4b,2023-08-28T00:45:00Z,no_bl_val,no_bl_val,no_bl_val
FB1,4b,2023-08-28T01:00:00Z,no_bl_val,no_bl_val,no_bl_val
FB1,4b,2023-08-28T01:15:00Z,no_bl_val,no_bl_val,no_bl_val
FB1,4b,2023-08-28T01:30:00Z,no_bl_val,no_bl_val,no_bl_val
FB1,4b,2023-08-28T01:45:00Z,no_bl_val,no_bl_val,no_bl_val
FB1,4b,2023-08-28T02:00:00Z,no_bl_val,no_bl_val,no_bl_val
FB1,4b,2023-08-28T02:15:00Z,no_bl_val,no_bl_val,no_bl_val
FB1,4b,2023-08-28T02:30:00Z,no_bl_val,no_bl_val,no_bl_val
FB1,4b,2023-08-28T02:45:00Z,no_bl_val,no_bl_val,no_bl_val
FB1,4b,2023-08-28T03:00:00Z,no_bl_val,no_bl_val,no_bl_val
FB1,4b,2023-08-28T03:15:00Z,no_bl_val,no_bl_val,no_bl_val
FB1,4b,2023-08-28T03:30:00Z,no_bl_val,no_bl_val,no_bl_val
FB1,4b,2023-08-28T03:45:00Z,no_bl_val,no_bl_val,no_bl_val
FB1,4b,2023-08-28T04:00:00Z,no_bl_val,no_bl_val,no_bl_val
FB1,4b,2023-08-28T04:15:00Z,no_bl_val,no_bl_val,no_bl_val
FB1,4b,2023-08-28T04:30:00Z,no_bl_val,no_bl_val,no_bl_val
FB1,4b,2023-08-28T04:45:00Z,no_bl_val,no_bl_val,no_bl_val
FB1,4b,2023-08-28T05:00:00Z,no_bl_val,no_bl_val,no_bl_val
FB1,4b,2023-08-28T05:15:00Z,no_bl_val,no_bl_val,no_bl_val
FB1,4b,2023-08-28T05:30:00Z,no_bl_val,no_bl_val,no_bl_val
FB1,4b,2023-08-28T05:45:00Z,no_bl_val,no_bl_val,no_bl_val
FB1,4b,2023-08-28T06:00:00Z,no_bl_val,no_bl_val,no_bl_val
FB1,4b,2023-08-28T06:15:00Z,no_bl_val,no_bl_val,no_bl_val
FB1,4b,2023-08-28T06:30:00Z,no_bl_val,no_bl_val,no_bl_val
FB1,4b,2023-08-28T06:45:00Z,no_bl_val,no_bl_val,no_bl_val
FB1,4b,2023-08-28T07:00:00Z,no_bl_val,no_bl_val,no_bl_val
FB1,4b,2023-08-28T07:15:00Z,no_bl_val,no_bl_val,no_bl_val
FB1,4b,2023-08-28T07:30:00Z,no_bl_val,no_bl_val,no_bl_val
FB1,4b,2023-08-28T07:45:00Z,no_bl_val,no_bl_val,no_bl_val
FB1,4b,2023-08-28T08:00:00Z,no_bl_val,no_bl_val,no_bl_val
FB1,4b,2023-08-28T08:15:00Z,no_bl_val,no_bl_val,no_bl_val
FB1,4b,2023-08-28T08:30:00Z,no_bl_val,no_bl_val,no_bl_val
FB1,4b,2023-08-28T08:45:00Z,no_bl_val,no_bl_val,no_bl_val
FB1,4b,2023-08-28T09:00:00Z,no_bl_val,no_bl_val,no_bl_val
FB1,4b,2023-08-28T09:15:00Z,no_bl_val,no_bl_val,no_bl_val
FB1,4b,2023-08-28T09:30:00Z,no_bl_val,no_bl_val,no_bl_val
FB1,4b,2023-08-28T09:45:00Z,no_bl_val,no_bl_val,no_bl_val
FB1,4b,2023-08-28T10:00:00Z,no_bl_val,no_bl_val,no_bl_val
FB1,4b,2023-08-28T10:15:00Z,no_bl_val,no_bl_val,no_bl_val
FB1,4b,2023-08-28T10:30:00Z,no_bl_val,no_bl_val,no_bl_val
FB1,4b,2023-08-28T10:45:00Z,no_bl_val,no_bl_val,no_bl_val
FB1,4b,2023-08-28T11:00:00Z,no_bl_val,no_bl_val,no_bl_val
FB1,4b,2023-08-28T11:15:00Z,no_bl_val,no_bl_val,no_bl_val
FB1,4b,2023-08-28T11:30:00Z,no_bl_val,no_bl_val,no_bl_val
FB1,4b,2023-08-28T11:45:00Z,no_bl_val,no_bl_val,no_bl_val
FB1,4b,2023-08-28T12:00:00Z,no_bl_val,no_bl_val,no_bl_val
FB1,4b,2023-08-28T12:15:00Z,no_bl_val,no_bl_val,no_bl_val
FB1,4b,2023-08-28T12:30:00Z,no_bl_val,no_bl_val,no_bl_val
FB1,4b,2023-08-28T12:45:00Z,no_bl_val,no_bl_val,no_bl_val
FB1,4b,2023-08-28T13:00:00Z,no_bl_val,no_bl_val,no_bl_val
FB1,4b,2023-08-28T13:15:00Z,no_bl_val,no_bl_val,no_bl_val
FB1,4b,2023-08-28T13:30:00Z,no_bl_val,no_bl_val,no_bl_val
FB1,4b,2023-08-28T13:45:00Z,no_bl_val,no_bl_val,no_bl_val
FB1,4b,2023-08-28T14:00:00Z,no_bl_val,no_bl_val,no_bl_val
FB1,4b,2023-08-28T14:15:00Z,no_bl_val,no_bl_val,no_bl_val
FB1,4b,2023-08-28T14:30:00Z,no_bl_val,no_bl_val,no_bl_val
FB1,4b,2023-08-28T14:45:00Z,no_bl_val,no_bl_val,no_bl_val
FB1,4b,2023-08-28T15:00:00Z,no_bl_val,no_bl_val,no_bl_val
FB1,4b,2023-08-28T15:15:00Z,no_bl_val,no_bl_val,no_bl_val
FB1,4b,2023-08-28T15:30:00Z,no_bl_val,no_bl_val,no_bl_val
FB1,4b,2023-08-28T15:45:00Z,no_bl_val,no_bl_val,no_bl_val
FB1,4b,2023-08-28T16:00:00Z,no_bl_val,no_bl_val,no_bl_val
FB1,4b,2023-08-28T16:15:00Z,no_bl_val,no_bl_val,no_bl_val
FB1,4b,2023-08-28T16:30:00Z,no_bl_val,no_bl_val,no_bl_val
FB1,4b,2023-08-28T16:45:00Z,no_bl_val,no_bl_val,no_bl_val
FB1,4b,2023-08-28T17:00:00Z,no_bl_val,no_bl_val,no_bl_val
FB1,4b,2023-08-28T17:15:00Z,no_bl_val,no_bl_val,no_bl_val
FB1,4b,2023-08-28T17:30:00Z,no_bl_val,no_bl_val,no_bl_val
FB1,4b,2023-08-28T17:45:00Z,no_bl_val,no_bl_val,no_bl_val
FB2,7b,2024-01-03T10:00:00Z,no_bl_val,no_bl_val,no_bl_val
FB2,7b,2024-01-03T10:15:00Z,no_bl_val,no_bl_val,no_bl_val
FB2,7b,2024-01-03T10:30:00Z,no_bl_val,no_bl_val,no_bl_val
FB2,7b,2024-01-03T10:45:00Z,no_bl_val,no_bl_val,no_bl_val
FB2,7b,2024-01-03T11:00:00Z,no_bl_val,no_bl_val,no_bl_val
FB2,7b,2024-01-03T11:15:00Z,no_bl_val,no_bl_val,no_bl_val
FB2,7b,2024-01-03T11:30:00Z,no_bl_val,no_bl_val,no_bl_val
FB2,7b,2024-01-03T11:45:00Z,no_bl_val,no_bl_val,no_bl_val
FB2,7b,2024-01-03T12:00:00Z,no_bl_val,no_bl_val,no_bl_val
FB2,7b,2024-01-03T12:15:00Z,no_bl_val,no_bl_val,no_bl_val
FB2,7b,2024-01-03T12:30:00Z,no_bl_val,no_bl_val,no_bl_val
FB2,7b,2024-01-03T12:45:00Z,no_bl_val,no_bl_val,no_bl_val
FB2,7b,2024-01-03T13:00:00Z,no_bl_val,no_bl_val,no_bl_val
FB2,7b,2024-01-03T13:15:00Z,no_bl_val,no_bl_val,no_bl_val
FB2,7b,2024-01-03T13:30:00Z,no_bl_val,no_bl_val,no_bl_val
FB2,7b,2024-01-03T13:45:00Z,no_bl_val,no_bl_val,no_bl_val
FB2,7b,2024-01-03T14:00:00Z,no_bl_val,no_bl_val,no_bl_val
FB2,7b,2024-01-03T14:15:00Z,no_bl_val,no_bl_val,no_bl_val
FB2,7b,2024-01-03T14:30:00Z,no_bl_val,no_bl_val,no_bl_val
FB2,7b,2024-01-03T14:45:00Z,no_bl_val,no_bl_val,no_bl_val
FB2,7b,2024-01-03T15:00:00Z,no_bl_val,no_bl_val,no_bl_val
FB2,7b,2024-01-03T15:15:00Z,no_bl_val,no_bl_val,no_bl_val
FB2,7b,2024-01-03T15:30:00Z,no_bl_val,no_bl_val,no_bl_val
FB2,7b,2024-01-03T15:45:00Z,no_bl_val,no_bl_val,no_bl_val
FB2,7b,2024-01-03T16:00:00Z,no_bl_val,no_bl_val,no_bl_val
FB2,7b,2024-01-03T16:15:00Z,no_bl_val,no_bl_val,no_bl_val
FB2,7b,2024-01-03T16:30:00Z,no_bl_val,no_bl_val,no_bl_val
FB2,7b,2024-01-03T16:45:00Z,no_bl_val,no_bl_val,no_bl_val
FB2,7b,2024-01-03T17:00:00Z,no_bl_val,no_bl_val,no_bl_val
FB2,7b,2024-01-03T17:15:00Z,no_bl_val,no_bl_val,no_bl_val
FB2,7b,2024-01-03T17:30:00Z,no_bl_val,no_bl_val,no_bl_val
FB2,7b,2024-01-03T17:45:00Z,no_bl_val,no_bl_val,no_bl_val
FB2,7b,2024-01-03T18:00:00Z,no_bl_val,no_bl_val,no_bl_val
FB2,7b,2024-01-03T18:15:00Z,no_bl_val,no_bl_val,no_bl_val
FB2,7b,2024-01-03T18:30:00Z,no_bl_val,no_bl_val,no_bl_val
FB2,7b,2024-01-03T18:45:00Z,no_bl_val,no_bl_val,no_bl_val
FB2,7b,2024-01-03T19:00:00Z,no_bl_val,no_bl_val,no_bl_val
FB2,7b,2024-01-03T19:15:00Z,no_bl_val,no_bl_val,no_bl_val
FB2,7b,2024-01-03T19:30:00Z,no_bl_val,no_bl_val,no_bl_val
FB2,7b,2024-01-03T19:45:00Z,no_bl_val,no_bl_val,no_bl_val
FB2,7b,2024-01-03T20:00:00Z,no_bl_val,no_bl_val,no_bl_val
FB2,7b,2024-01-03T20:15:00Z,no_bl_val,no_bl_val,no_bl_val
FB2,7b,2024-01-03T20:30:00Z,no_bl_val,no_bl_val,no_bl_val
FB2,7b,2024-01-03T20:45:00Z,no_bl_val,no_bl_val,no_bl_val
FB2,7b,2024-01-03T21:00:00Z,no_bl_val,no_bl_val,no_bl_val
FB2,7b,2024-01-03T21:15:00Z,no_bl_val,no_bl_val,no_bl_val
FB2,7b,2024-01-03T21:30:00Z,no_bl_val,no_bl_val,no_bl_val
FB2,7b,2024-01-03T21:45:00Z,no_bl_val,no_bl_val,no_bl_val
FB2,7b,2024-01-03T22:00:00Z,no_bl_val,no_bl_val,no_bl_val
FB2,7b,2024-01-03T22:15:00Z,no_bl_val,no_bl_val,no_bl_val
FB2,7b,2024-01-03T22:30:00Z,no_bl_val,no_bl_val,no_bl_val
FB2,7b,2024-01-03T22:45:00Z,no_bl_val,no_bl_val,no_bl_val
FB2,7b,2024-01-03T23:00:00Z,no_bl_val,no_bl_val,no_bl_val
FB2,7b,2024-01-03T23:15:00Z,no_bl_val,no_bl_val,no_bl_val
FB2,7b,2024-01-03T23:30:00Z,no_bl_val,no_bl_val,no_bl_val
FB2,7b,2024-01-03T23:45:00Z,no_bl_val,no_bl_val,no_bl_val
FB2,7b,2024-01-04T00:00:00Z,no_bl_val,no_bl_val,no_bl_val
FB2,7b,2024-01-04T00:15:00Z,no_bl_val,no_bl_val,no_bl_val
FB2,7b,2024-01-04T00:30:00Z,no_bl_val,no_bl_val,no_bl_val
FB2,7b,2024-01-04T00:45:00Z,no_bl_val,no_bl_val,no_bl_val
FB2,7b,2024-01-04T01:00:00Z,no_bl_val,no_bl_val,no_bl_val
FB2,7b,2024-01-04T01:15:00Z,no_bl_val,no_bl_val,no_bl_val
FB2,7b,2024-01-04T01:30:00Z,no_bl_val,no_bl_val,no_bl_val
FB2,7b,2024-01-04T01:45:00Z,no_bl_val,no_bl_val,no_bl_val
FB2,7b,2024-01-04T02:00:00Z,no_bl_val,no_bl_val,no_bl_val
FB2,7b,2024-01-04T02:15:00Z,no_bl_val,no_bl_val,no_bl_val
FB2,7b,2024-01-04T02:30:00Z,no_bl_val,no_bl_val,no_bl_val
FB2,7b,2024-01-04T02:45:00Z,no_bl_val,no_bl_val,no_bl_val
FB2,7b,2024-01-04T03:00:00Z,no_bl_val,no_bl_val,no_bl_val
FB2,7b,2024-01-04T03:15:00Z,no_bl_val,no_bl_val,no_bl_val
FB2,7b,2024-01-04T03:30:00Z,no_bl_val,no_bl_val,no_bl_val
FB2,7b,2024-01-04T03:45:00Z,no_bl_val,no_bl_val,no_bl_val
FB2,7b,2024-01-04T04:00:00Z,no_bl_val,no_bl_val,no_bl_val
FB2,7b,2024-01-04T04:15:00Z,no_bl_val,no_bl_val,no_bl_val
FB2,7b,2024-01-04T04:30:00Z,no_bl_val,no_bl_val,no_bl_val
FB2,7b,2024-01-04T04:45:00Z,no_bl_val,no_bl_val,no_bl_val
FB2,7b,2024-01-04T05:00:00Z,no_bl_val,no_bl_val,no_bl_val
FB2,7b,2024-01-04T05:15:00Z,no_bl_val,no_bl_val,no_bl_val
FB2,7b,2024-01-04T05:30:00Z,no_bl_val,no_bl_val,no_bl_val
FB2,7b,2024-01-04T05:45:00Z,no_bl_val,no_bl_val,no_bl_val
FB2,7b,2024-01-04T06:00:00Z,no_bl_val,no_bl_val,no_bl_val
FB2,7b,2024-01-04T06:15:00Z,no_bl_val,no_bl_val,no_bl_val
FB2,7b,2024-01-04T06:30:00Z,no_bl_val,no_bl_val,no_bl_val
FB2,7b,2024-01-04T06:45:00Z,no_bl_val,no_bl_val,no_bl_val
FB2,7b,2024-01-04T07:00:00Z,no_bl_val,no_bl_val,no_bl_val
FB2,7b,2024-01-04T07:15:00Z,no_bl_val,no_bl_val,no_bl_val
FB2,7b,2024-01-04T07:30:00Z,no_bl_val,no_bl_val,no_bl_val
FB2,7b,2024-01-04T07:45:00Z,no_bl_val,no_bl_val,no_bl_val
FB2,7b,2024-01-04T08:00:00Z,no_bl_val,no_bl_val,no_bl_val
FB2,7b,2024-01-04T08:15:00Z,no_bl_val,no_bl_val,no_bl_val
FB2,7b,2024-01-04T08:30:00Z,no_bl_val,no_bl_val,no_bl_val
FB2,7b,2024-01-04T08:45:00Z,no_bl_val,no_bl_val,no_bl_val
FB2,7b,2024-01-04T09:00:00Z,no_bl_val,no_bl_val,no_bl_val
FB2,7b,2024-01-04T09:15:00Z,no_bl_val,no_bl_val,no_bl_val
FB2,7b,2024-01-04T09:30:00Z,no_bl_val,no_bl_val,no_bl_val
FB2,7b,2024-01-04T09:45:00Z,no_bl_val,no_bl_val,no_bl_val
FB2,7b,2024-01-04T10:00:00Z,no_bl_val,no_bl_val,no_bl_val
FB2,7b,2024-01-04T10:15:00Z,no_bl_val,no_bl_val,no_bl_val
FB2,7b,2024-01-04T10:30:00Z,no_bl_val,no_bl_val,no_bl_val
FB2,7b,2024-01-04T10:45:00Z,no_bl_val,no_bl_val,no_bl_val
FB2,7b,2024-01-04T11:00:00Z,no_bl_val,no_bl_val,no_bl_val
FB2,7b,2024-01-04T11:15:00Z,no_bl_val,no_bl_val,no_bl_val
FB2,7b,2024-01-04T11:30:00Z,no_bl_val,no_bl_val,no_bl_val
FB2,7b,2024-01-04T11:45:00Z,no_bl_val,no_bl_val,no_bl_val
FB2,7b,2024-01-04T12:00:00Z,no_bl_val,no_bl_val,no_bl_val
FB2,7b,2024-01-04T12:15:00Z,no_bl_val,no_bl_val,no_bl_val
FB2,7b,2024-01-04T12:30:00Z,no_bl_val,no_bl_val,no_bl_val
FB2,7b,2024-01-04T12:45:00Z,no_bl_val,no_bl_val,no_bl_val
FB2,7b,2024-01-04T13:00:00Z,no_bl_val,no_bl_val,no_bl_val
FB2,7b,2024-01-04T13:15:00Z,no_bl_val,no_bl_val,no_bl_val
FB2,7b,2024-01-04T13:30:00Z,no_bl_val,no_bl_val,no_bl_val
FB2,7b,2024-01-04T13:45:00Z,no_bl_val,no_bl_val,no_bl_val
FB2,7b,2024-01-04T14:00:00Z,no_bl_val,no_bl_val,no_bl_val
FB2,7b,2024-01-04T14:15:00Z,no_bl_val,no_bl_val,no_bl_val
FB2,7b,2024-01-04T14:30:00Z,no_bl_val,no_bl_val,no_bl_val
FB2,7b,2024-01-04T14:45:00Z,no_bl_val,no_bl_val,no_bl_val
FB2,7b,2024-01-04T15:00:00Z,no_bl_val,no_bl_val,no_bl_val
FB2,7b,2024-01-04T15:15:00Z,no_bl_val,no_bl_val,no_bl_val
FB2,7b,2024-01-04T15:30:00Z,no_bl_val,no_bl_val,no_bl_val
FB2,7b,2024-01-04T15:45:00Z,no_bl_val,no_bl_val,no_bl_val
FB2,7b,2024-01-04T16:00:00Z,no_bl_val,no_bl_val,no_bl_val
FB2,7b,2024-01-04T16:15:00Z,no_bl_val,no_bl_val,no_bl_val
FB2,7b,2024-01-04T16:30:00Z,no_bl_val,no_bl_val,no_bl_val
FB2,7b,2024-01-04T16:45:00Z,no_bl_val,no_bl_val,no_bl_val
FB2,7b,2024-01-04T17:00:00Z,no_bl_val,no_bl_val,no_bl_val
FB2,7b,2024-01-04T17:15:00Z,no_bl_val,no_bl_val,no_bl_val
FB2,7b,2024-01-04T17:30:00Z,no_bl_val,no_bl_val,no_bl_val
FB2,7b,2024-01-04T17:45:00Z,no_bl_val,no_bl_val,no_bl_val
FB2,7b,2024-01-04T18:00:00Z,no_bl_val,no_bl_val,no_bl_val
FB2,7b,2024-01-04T18:15:00Z,no_bl_val,no_bl_val,no_bl_val
FB2,7b,2024-01-04T18:30:00Z,no_bl_val,no_bl_val,no_bl_val
FB2,7b,2024-01-04T18:45:00Z,no_bl_val,no_bl_val,no_bl_val
FB2,7b,2024-01-04T19:00:00Z,no_bl_val,no_bl_val,no_bl_val
FB2,7b,2024-01-04T19:15:00Z,no_bl_val,no_bl_val,no_bl_val
FB2,7b,2024-01-04T19:30:00Z,no_bl_val,no_bl_val,no_bl_val
FB2,7b,2024-01-04T19:45:00Z,no_bl_val,no_bl_val,no_bl_val
FB2,7b,2024-01-04T20:00:00Z,no_bl_val,no_bl_val,no_bl_val
FB2,7b,2024-01-04T20:15:00Z,no_bl_val,no_bl_val,no_bl_val
FB2,7b,2024-01-04T20:30:00Z,no_bl_val,no_bl_val,no_bl_val
FB2,7b,2024-01-04T20:45:00Z,no_bl_val,no_bl_val,no_bl_val
FB2,7b,2024-01-04T21:00:00Z,no_bl_val,no_bl_val,no_bl_val
FB2,7b,2024-01-04T21:15:00Z,no_bl_val,no_bl_val,no_bl_val
FB2,7b,2024-01-04T21:30:00Z,no_bl_val,no_bl_val,no_bl_val
FB2,7b,2024-01-04T21:45:00Z,no_bl_val,no_bl_val,no_bl_val
FB2,7b,2024-01-04T22:00:00Z,no_bl_val,no_bl_val,no_bl_val
FB2,7b,2024-01-04T22:15:00Z,no_bl_val,no_bl_val,no_bl_val
FB2,7b,2024-01-04T22:30:00Z,no_bl_val,no_bl_val,no_bl_val
FB2,7b,2024-01-04T22:45:00Z,no_bl_val,no_bl_val,no_bl_val
FB2,7b,2024-01-04T23:00:00Z,no_bl_val,no_bl_val,no_bl_val
FB2,7b,2024-01-04T23:15:00Z,no_bl_val,no_bl_val,no_bl_val
FB2,7b,2024-01-04T23:30:00Z,no_bl_val,no_bl_val,no_bl_val
FB2,7b,2024-01-04T23:45:00Z,no_bl_val,no_bl_val,no_bl_val
FB2,7b,2024-01-05T00:00:00Z,no_bl_val,no_bl_val,no_bl_val
FB2,7b,2024-01-05T00:15:00Z,no_bl_val,no_bl_val,no_bl_val
FB2,7b,2024-01-05T00:30:00Z,no_bl_val,no_bl_val,no_bl_val
FB2,7b,2024-01-05T00:45:00Z,no_bl_val,no_bl_val,no_bl_val
FB2,7b,2024-01-05T01:00:00Z,no_bl_val,no_bl_val,no_bl_val
FB2,7b,2024-01-05T01:15:00Z,no_bl_val,no_bl_val,no_bl_val
FB2,7b,2024-01-05T01:30:00Z,no_bl_val,no_bl_val,no_bl_val
FB2,7b,2024-01-05T01:45:00Z,no_bl_val,no_bl_val,no_bl_val
FB2,7b,2024-01-05T02:00:00Z,no_bl_val,no_bl_val,no_bl_val
FB2,7b,2024-01-05T02:15:00Z,no_bl_val,no_bl_val,no_bl_val
FB2,7b,2024-01-05T02:30:00Z,no_bl_val,no_bl_val,no_bl_val
FB2,7b,2024-01-05T02:45:00Z,no_bl_val,no_bl_val,no_bl_val
FB2,7b,2024-01-05T03:00:00Z,no_bl_val,no_bl_val,no_bl_val
FB2,7b,2024-01-05T03:15:00Z,no_bl_val,no_bl_val,no_bl_val
FB2,7b,2024-01-05T03:30:00Z,no_bl_val,no_bl_val,no_bl_val
FB2,7b,2024-01-05T03:45:00Z,no_bl_val,no_bl_val,no_bl_val
FB2,7b,2024-01-05T04:00:00Z,no_bl_val,no_bl_val,no_bl_val
FB2,7b,2024-01-05T04:15:00Z,no_bl_val,no_bl_val,no_bl_val
FB2,7b,2024-01-05T04:30:00Z,no_bl_val,no_bl_val,no_bl_val
FB2,7b,2024-01-05T04:45:00Z,no_bl_val,no_bl_val,no_bl_val
FB2,7b,2024-01-05T05:00:00Z,no_bl_val,no_bl_val,no_bl_val
FB2,7b,2024-01-05T05:15:00Z,no_bl_val,no_bl_val,no_bl_val
FB2,7b,2024-01-05T05:30:00Z,no_bl_val,no_bl_val,no_bl_val
FB2,7b,2024-01-05T05:45:00Z,no_bl_val,no_bl_val,no_bl_val
FB2,7b,2024-01-05T06:00:00Z,no_bl_val,no_bl_val,no_bl_val
FB2,7b,2024-01-05T06:15:00Z,no_bl_val,no_bl_val,no_bl_val
FB2,7b,2024-01-05T06:30:00Z,no_bl_val,no_bl_val,no_bl_val
FB2,7b,2024-01-05T06:45:00Z,no_bl_val,no_bl_val,no_bl_val
FB2,7b,2024-01-05T07:00:00Z,no_bl_val,no_bl_val,no_bl_val
FB2,7b,2024-01-05T07:15:00Z,no_bl_val,no_bl_val,no_bl_val
FB2,7b,2024-01-05T07:30:00Z,no_bl_val,no_bl_val,no_bl_val
FB2,7b,2024-01-05T07:45:00Z,no_bl_val,no_bl_val,no_bl_val
FB2,7b,2024-01-05T08:00:00Z,no_bl_val,no_bl_val,no_bl_val
FB2,7b,2024-01-05T08:15:00Z,no_bl_val,no_bl_val,no_bl_val
FB2,7b,2024-01-05T08:30:00Z,no_bl_val,no_bl_val,no_bl_val
FB2,7b,2024-01-05T08:45:00Z,no_bl_val,no_bl_val,no_bl_val
FB2,7b,2024-01-05T09:00:00Z,no_bl_val,no_bl_val,no_bl_val
FB2,7b,2024-01-05T09:15:00Z,no_bl_val,no_bl_val,no_bl_val
FB2,7b,2024-01-05T09:30:00Z,no_bl_val,no_bl_val,no_bl_val
FB2,7b,2024-01-05T09:45:00Z,no_bl_val,no_bl_val,no_bl_val
FB2,7b,2024-01-05T10:00:00Z,no_bl_val,no_bl_val,no_bl_val
FB2,7b,2024-01-05T10:15:00Z,no_bl_val,no_bl_val,no_bl_val
FB2,7b,2024-01-05T10:30:00Z,no_bl_val,no_bl_val,no_bl_val
FB2,7b,2024-01-05T10:45:00Z,no_bl_val,no_bl_val,no_bl_val
FB2,7b,2024-01-05T11:00:00Z,no_bl_val,no_bl_val,no_bl_val
FB2,7b,2024-01-05T11:15:00Z,no_bl_val,no_bl_val,no_bl_val
FB2,7b,2024-01-05T11:30:00Z,no_bl_val,no_bl_val,no_bl_val
FB2,7b,2024-01-05T11:45:00Z,no_bl_val,no_bl_val,no_bl_val
FB2,7b,2024-01-05T12:00:00Z,no_bl_val,no_bl_val,no_bl_val
FB2,7b,2024-01-05T12:15:00Z,no_bl_val,no_bl_val,no_bl_val
FB2,7b,2024-01-05T12:30:00Z,no_bl_val,no_bl_val,no_bl_val
FB2,7b,2024-01-05T12:45:00Z,no_bl_val,no_bl_val,no_bl_val
FB2,7b,2024-01-05T13:00:00Z,no_bl_val,no_bl_val,no_bl_val
FB2,7b,2024-01-05T13:15:00Z,no_bl_val,no_bl_val,no_bl_val
FB2,7b,2024-01-05T13:30:00Z,no_bl_val,no_bl_val,no_bl_val
FB2,7b,2024-01-05T13:45:00Z,no_bl_val,no_bl_val,no_bl_val
FB2,7b,2024-01-05T14:00:00Z,no_bl_val,no_bl_val,no_bl_val
FB2,7b,2024-01-05T14:15:00Z,no_bl_val,no_bl_val,no_bl_val
FB2,7b,2024-01-05T14:30:00Z,no_bl_val,no_bl_val,no_bl_val
FB2,7b,2024-01-05T14:45:00Z,no_bl_val,no_bl_val,no_bl_val
FB2,7b,2024-01-05T15:00:00Z,no_bl_val,no_bl_val,no_bl_val
FB2,7b,2024-01-05T15:15:00Z,no_bl_val,no_bl_val,no_bl_val
FB2,7b,2024-01-05T15:30:00Z,no_bl_val,no_bl_val,no_bl_val
FB2,7b,2024-01-05T15:45:00Z,no_bl_val,no_bl_val,no_bl_val
FB2,7b,2024-01-05T16:00:00Z,no_bl_val,no_bl_val,no_bl_val
FB2,7b,2024-01-05T16:15:00Z,no_bl_val,no_bl_val,no_bl_val
FB2,7b,2024-01-05T16:30:00Z,no_bl_val,no_bl_val,no_bl_val
FB2,7b,2024-01-05T16:45:00Z,no_bl_val,no_bl_val,no_bl_val
FB2,7b,2024-01-05T17:00:00Z,no_bl_val,no_bl_val,no_bl_val
FB2,7b,2024-01-05T17:15:00Z,no_bl_val,no_bl_val,no_bl_val
FB2,7b,2024-01-05T17:30:00Z,no_bl_val,no_bl_val,no_bl_val
FB2,7b,2024-01-05T17:45:00Z,no_bl_val,no_bl_val,no_bl_val
